Mask Percentage,Original Sequence,Masked Positions,New Sequence,Similarity
10.0%,FTSYNMHWVKQTPGRGLEWIGAIYPGNGDTSYNQKFKGKATLTADKSSSTAYMQLSSLTSEDSAVYYCARSTYYGGDWYF,"[67, 7, 40, 45, 51, 71]",FTSYNMHHVKQTPGRGLEWIGAIYPGNGDTSYNQKFKGKAALTADDSSSTAAMQLSSLTSEDSAVYYYARSSYYGGDWYF,92.50%
10.0%,FTSYNMHWVKQTPGRGLEWIGAIYPGNGDTSYNQKFKGKATLTADKSSSTAYMQLSSLTSEDSAVYYCARSTYYGGDWYF,"[57, 51, 38, 27, 66, 67]",FTSYNMHWVKQTPGRGLEWIGAIYPGNNDTSYNQKFKGGATLTADKSSSTAAMQLSSSTSEDSAVYYFARSTYYGGDWYF,93.75%
10.0%,FTSYNMHWVKQTPGRGLEWIGAIYPGNGDTSYNQKFKGKATLTADKSSSTAYMQLSSLTSEDSAVYYCARSTYYGGDWYF,"[17, 5, 44, 40, 79, 11]",FTSYNNHWVKQQPGRGLLWIGAIYPGNGDTSYNQKFKGKAALTAAKSSSTAYMQLSSLTSEDSAVYYCARSTYYGGDWYY,92.50%
10.0%,FTSYNMHWVKQTPGRGLEWIGAIYPGNGDTSYNQKFKGKATLTADKSSSTAYMQLSSLTSEDSAVYYCARSTYYGGDWYF,"[7, 45, 24, 68, 32, 51]",FTSYNMHHVKQTPGRGLEWIGAIYYGNGDTSYYQKFKGKATLTADDSSSTAAMQLSSLTSEDSAVYYCCRSTYYGGDWYF,92.50%
10.0%,FTSYNMHWVKQTPGRGLEWIGAIYPGNGDTSYNQKFKGKATLTADKSSSTAYMQLSSLTSEDSAVYYCARSTYYGGDWYF,"[61, 17, 31, 57, 78, 24]",FTSYNMHWVKQTPGRGLLWIGAIYYGNGDTSSNQKFKGKATLTADKSSSTAYMQLSSSTSEESAVYYCARSTYYGGDWWF,92.50%
10.0%,FTSYNMHWVKQTPGRGLEWIGAIYPGNGDTSYNQKFKGKATLTADKSSSTAYMQLSSLTSEDSAVYYCARSTYYGGDWYF,"[43, 62, 73, 41, 8, 25]",FTSYNMHWWKQTPGRGLEWIGAIYPPNGDTSYNQKFKGKATTTTDKSSSTAYMQLSSLTSEDDAVYYCARSTYVGGDWYF,92.50%
10.0%,FTSYNMHWVKQTPGRGLEWIGAIYPGNGDTSYNQKFKGKATLTADKSSSTAYMQLSSLTSEDSAVYYCARSTYYGGDWYF,"[12, 60, 8, 38, 49, 42]",FTSYNMHWWKQTTGRGLEWIGAIYPGNGDTSYNQKFKGGATLLADKSSSSAYMQLSSLTSSDSAVYYCARSTYYGGDWYF,92.50%
10.0%,FTSYNMHWVKQTPGRGLEWIGAIYPGNGDTSYNQKFKGKATLTADKSSSTAYMQLSSLTSEDSAVYYCARSTYYGGDWYF,"[54, 11, 64, 67, 45, 27]",FTSYNMHWVKQQPGRGLEWIGAIYPGNNDTSYNQKFKGKATLTADDSSSTAYMQQSSLTSEDSAAYYYARSTYYGGDWYF,92.50%
10.0%,FTSYNMHWVKQTPGRGLEWIGAIYPGNGDTSYNQKFKGKATLTADKSSSTAYMQLSSLTSEDSAVYYCARSTYYGGDWYF,"[49, 19, 47, 33, 54, 57]",FTSYNMHWVKQTPGRGLEWWGAIYPGNGDTSYNNKFKGKATLTADKSSSSAYMQQSSSTSEDSAVYYCARSTYYGGDWYF,93.75%
10.0%,FTSYNMHWVKQTPGRGLEWIGAIYPGNGDTSYNQKFKGKATLTADKSSSTAYMQLSSLTSEDSAVYYCARSTYYGGDWYF,"[11, 53, 61, 17, 26, 57]",FTSYNMHWVKQQPGRGLLWIGAIYPGGGDTSYNQKFKGKATLTADKSSSTAYMMLSSSTSEESAVYYCARSTYYGGDWYF,92.50%
10.0%,FTSYNMHWVKQTPGRGLEWIGAIYPGNGDTSYNQKFKGKATLTADKSSSTAYMQLSSLTSEDSAVYYCARSTYYGGDWYF,"[74, 43, 55, 40, 53, 39]",FTSYNMHWVKQTPGRGLEWIGAIYPGNGDTSYNQKFKGKKALTTDKSSSTAYMMLLSLTSEDSAVYYCARSTYYYGDWYF,92.50%
10.0%,FTSYNMHWVKQTPGRGLEWIGAIYPGNGDTSYNQKFKGKATLTADKSSSTAYMQLSSLTSEDSAVYYCARSTYYGGDWYF,"[40, 76, 26, 79, 61, 17]",FTSYNMHWVKQTPGRGLLWIGAIYPGGGDTSYNQKFKGKAALTADKSSSTAYMQLSSLTSEESAVYYCARSTYYGGGWYY,92.50%
10.0%,FTSYNMHWVKQTPGRGLEWIGAIYPGNGDTSYNQKFKGKATLTADKSSSTAYMQLSSLTSEDSAVYYCARSTYYGGDWYF,"[43, 9, 71, 56, 35, 3]",FTSSNMHWVVQTPGRGLEWIGAIYPGNGDTSYNQKKKGKATLTTDKSSSTAYMQLSSLTSEDSAVYYCARSSYYGGDWYF,93.75%
10.0%,FTSYNMHWVKQTPGRGLEWIGAIYPGNGDTSYNQKFKGKATLTADKSSSTAYMQLSSLTSEDSAVYYCARSTYYGGDWYF,"[36, 67, 76, 71, 68, 54]",FTSYNMHWVKQTPGRGLEWIGAIYPGNGDTSYNQKFFGKATLTADKSSSTAYMQQSSLTSEDSAVYYYCRSSYYGGGWYF,92.50%
10.0%,FTSYNMHWVKQTPGRGLEWIGAIYPGNGDTSYNQKFKGKATLTADKSSSTAYMQLSSLTSEDSAVYYCARSTYYGGDWYF,"[20, 65, 47, 71, 78, 74]",FTSYNMHWVKQTPGRGLEWIIAIYPGNGDTSYNQKFKGKATLTADKSSSTAYMQLSSLTSEDSAVVYCARSSYYYGDWWF,93.75%
10.0%,FTSYNMHWVKQTPGRGLEWIGAIYPGNGDTSYNQKFKGKATLTADKSSSTAYMQLSSLTSEDSAVYYCARSTYYGGDWYF,"[14, 34, 25, 47, 62, 8]",FTSYNMHWWKQTPGGGLEWIGAIYPPNGDTSYNQQFKGKATLTADKSSSTAYMQLSSLTSEDDAVYYCARSTYYGGDWYF,93.75%
10.0%,FTSYNMHWVKQTPGRGLEWIGAIYPGNGDTSYNQKFKGKATLTADKSSSTAYMQLSSLTSEDSAVYYCARSTYYGGDWYF,"[2, 69, 47, 62, 54, 17]",FTTYNMHWVKQTPGRGLLWIGAIYPGNGDTSYNQKFKGKATLTADKSSSTAYMQQSSLTSEDDAVYYCAASTYYGGDWYF,93.75%
10.0%,FTSYNMHWVKQTPGRGLEWIGAIYPGNGDTSYNQKFKGKATLTADKSSSTAYMQLSSLTSEDSAVYYCARSTYYGGDWYF,"[8, 56, 3, 37, 41, 26]",FTSSNMHWWKQTPGRGLEWIGAIYPGGGDTSYNQKFKKKATTTADKSSSTAYMQLSSLTSEDSAVYYCARSTYYGGDWYF,93.75%
10.0%,FTSYNMHWVKQTPGRGLEWIGAIYPGNGDTSYNQKFKGKATLTADKSSSTAYMQLSSLTSEDSAVYYCARSTYYGGDWYF,"[34, 35, 79, 8, 15, 37]",FTSYNMHWWKQTPGRRLEWIGAIYPGNGDTSYNQQKKKKATLTADKSSSTAYMQLSSLTSEDSAVYYCARSTYYGGDWYY,92.50%
10.0%,FTSYNMHWVKQTPGRGLEWIGAIYPGNGDTSYNQKFKGKATLTADKSSSTAYMQLSSLTSEDSAVYYCARSTYYGGDWYF,"[37, 13, 67, 3, 11, 63]",FTSSNMHWVKQQPPRGLEWIGAIYPGNGDTSYNQKFKKKATLTADKSSSTAYMQLSSLTSEDSSVYYYARSTYYGGDWYF,92.50%
20.0%,FTSYNMHWVKQTPGRGLEWIGAIYPGNGDTSYNQKFKGKATLTADKSSSTAYMQLSSLTSEDSAVYYCARSTYYGGDWYF,"[67, 7, 40, 45, 51, 71, 49, 73, 16, 11, 57, 31, 20]",FTSYNMHHVKQQPGRGGEWIIAIYPGNGDTSSNQKFKGKAALTADDSSSSAAMQLSSSTSEDSAVYYYARSSYYGGDWYF,85.00%
20.0%,FTSYNMHWVKQTPGRGLEWIGAIYPGNGDTSYNQKFKGKATLTADKSSSTAYMQLSSLTSEDSAVYYCARSTYYGGDWYF,"[57, 51, 38, 27, 66, 67, 33, 45, 73, 53, 24, 44, 20]",FTSYNMHWVKQTPGRGLEWIIAIYYGNNDTSYNNKFKGGATLTAADSSSTAAMMLSSSTSEDSAVYYFARSTYVGGDWYF,85.00%
20.0%,FTSYNMHWVKQTPGRGLEWIGAIYPGNGDTSYNQKFKGKATLTADKSSSTAYMQLSSLTSEDSAVYYCARSTYYGGDWYF,"[17, 5, 44, 40, 79, 11, 56, 9, 52, 69, 43, 8, 46]",FTSYNNHWWVQQPGRGLLWIGAIYPGNGDTSYNQKFKGKAALTTAKTSSTAYYQLSSLTSEDSAVYYCAASTYYGGDWYY,85.00%
20.0%,FTSYNMHWVKQTPGRGLEWIGAIYPGNGDTSYNQKFKGKATLTADKSSSTAYMQLSSLTSEDSAVYYCARSTYYGGDWYF,"[7, 45, 24, 68, 32, 51, 53, 59, 9, 38, 47, 40, 65]",FTSYNMHHVVQTPGRGLEWIGAIYYGNGDTSYYQKFKGGAALTADDSSSTAAMMLSSLTTEDSAVVYCCRSTYYGGDWYF,85.00%
20.0%,FTSYNMHWVKQTPGRGLEWIGAIYPGNGDTSYNQKFKGKATLTADKSSSTAYMQLSSLTSEDSAVYYCARSTYYGGDWYF,"[61, 17, 31, 57, 78, 24, 2, 73, 10, 45, 1, 9, 13]",FMSYNMHWVVKTPPRGLLWIGAIYYGNGDTSSNQKFKGKATLTADDSSSTAYMQLSSSTSEESAVYYCARSTYVGGDWWF,85.00%
20.0%,FTSYNMHWVKQTPGRGLEWIGAIYPGNGDTSYNQKFKGKATLTADKSSSTAYMQLSSLTSEDSAVYYCARSTYYGGDWYF,"[43, 62, 73, 41, 8, 25, 27, 2, 7, 39, 1, 10, 24]",FFSYNMHHWKKTPGRGLEWIGAIYYPNNDTSYNQKFKGKKTTTTDKSSSTAYMQLSSLTSEDDAVYYCARSTYVGGDWYF,85.00%
20.0%,FTSYNMHWVKQTPGRGLEWIGAIYPGNGDTSYNQKFKGKATLTADKSSSTAYMQLSSLTSEDSAVYYCARSTYYGGDWYF,"[12, 60, 8, 38, 49, 42, 79, 46, 43, 78, 3, 2, 7]",FTTSNMHHWKQTTGRGLEWIGAIYPGNGDTSYNQKFKGGATLLTDKTSSSAYMQLSSLTSSDSAVYYCARSTYYGGDWWG,83.75%
20.0%,FTSYNMHWVKQTPGRGLEWIGAIYPGNGDTSYNQKFKGKATLTADKSSSTAYMQLSSLTSEDSAVYYCARSTYYGGDWYF,"[54, 11, 64, 67, 45, 27, 19, 41, 33, 34, 48, 3, 59]",FTSSNMHWVKQQPGRGLEWWGAIYPGNNDTSYNNQFKGKATTTADDSSSTAYMQQSSLTTEDSAAYYYARSTYYGGDWYF,85.00%
20.0%,FTSYNMHWVKQTPGRGLEWIGAIYPGNGDTSYNQKFKGKATLTADKSSSTAYMQLSSLTSEDSAVYYCARSTYYGGDWYF,"[49, 19, 47, 33, 54, 57, 36, 13, 12, 60, 64, 51, 9]",FTSYNMHWVVQTTPRGLEWWGAIYPGNGDTSYNNKFFGKATLTADKSSSSAAMQQSSSTSSDSAAYYCARSTYYGGDWYF,85.00%
20.0%,FTSYNMHWVKQTPGRGLEWIGAIYPGNGDTSYNQKFKGKATLTADKSSSTAYMQLSSLTSEDSAVYYCARSTYYGGDWYF,"[11, 53, 61, 17, 26, 57, 44, 41, 60, 5, 52, 3, 71]",FTSSNNHWVKQQPGRGLLWIGAIYPGGGDTSYNQKFKGKATTTAAKSSSTAYYMLSSSTSSESAVYYCARSSYYGGDWYF,83.75%
20.0%,FTSYNMHWVKQTPGRGLEWIGAIYPGNGDTSYNQKFKGKATLTADKSSSTAYMQLSSLTSEDSAVYYCARSTYYGGDWYF,"[74, 43, 55, 40, 53, 39, 58, 27, 8, 78, 26, 17, 52]",FTSYNMHWWKQTPGRGLLWIGAIYPGGSDTSYNQKFKGKKALTTDKSSSTAYYMLLSLLSEDSAVYYCARSTYYYGDWWF,83.75%
20.0%,FTSYNMHWVKQTPGRGLEWIGAIYPGNGDTSYNQKFKGKATLTADKSSSTAYMQLSSLTSEDSAVYYCARSTYYGGDWYF,"[40, 76, 26, 79, 61, 17, 62, 44, 19, 64, 34, 68, 38]",FTSYNMHWVKQTPGRGLLWWGAIYPGGGDTSYNQQFKGGAALTAAKSSSTAYMQLSSLTSEEDAAYYCCRSTYYGGGWYY,83.75%
20.0%,FTSYNMHWVKQTPGRGLEWIGAIYPGNGDTSYNQKFKGKATLTADKSSSTAYMQLSSLTSEDSAVYYCARSTYYGGDWYF,"[43, 9, 71, 56, 35, 3, 67, 11, 13, 60, 73, 62, 14]",FTSSNMHWVVQQPPGGLEWIGAIYPGNGDTSYNQKKKGKATLTTDKSSSTAYMQLSSLTSSDDAVYYYARSSYVGGDWYF,85.00%
20.0%,FTSYNMHWVKQTPGRGLEWIGAIYPGNGDTSYNQKFKGKATLTADKSSSTAYMQLSSLTSEDSAVYYCARSTYYGGDWYF,"[36, 67, 76, 71, 68, 54, 42, 32, 55, 38, 78, 2, 63]",FTTYNMHWVKQTPGRGLEWIGAIYPGNGDTSYYQKFFGGATLLADKSSSTAYMQQLSLTSEDSSVYYYCRSSYYGGGWWF,83.75%
20.0%,FTSYNMHWVKQTPGRGLEWIGAIYPGNGDTSYNQKFKGKATLTADKSSSTAYMQLSSLTSEDSAVYYCARSTYYGGDWYF,"[20, 65, 47, 71, 78, 74, 40, 33, 17, 37, 27, 45, 55]",FTSYNMHWVKQTPGRGLLWIIAIYPGNNDTSYNNKFKKKAALTADDSSSTAYMQLLSLTSEDSAVVYCARSSYYYGDWWF,85.00%
20.0%,FTSYNMHWVKQTPGRGLEWIGAIYPGNGDTSYNQKFKGKATLTADKSSSTAYMQLSSLTSEDSAVYYCARSTYYGGDWYF,"[14, 34, 25, 47, 62, 8, 56, 79, 76, 71, 31, 55, 51]",FTSYNMHWWKQTPGGGLEWIGAIYPPNGDTSSNQQFKGKATLTADKSSSTAAMQLLNLTSEDDAVYYCARSSYYGGGWYY,85.00%
20.0%,FTSYNMHWVKQTPGRGLEWIGAIYPGNGDTSYNQKFKGKATLTADKSSSTAYMQLSSLTSEDSAVYYCARSTYYGGDWYF,"[2, 69, 47, 62, 54, 17, 9, 32, 48, 7, 27, 50, 19]",FTTYNMHHVVQTPGRGLLWWGAIYPGNNDTSYYQKFKGKATLTADKSSSTTYMQQSSLTSEDDAVYYCAASTYYGGDWYF,86.25%
20.0%,FTSYNMHWVKQTPGRGLEWIGAIYPGNGDTSYNQKFKGKATLTADKSSSTAYMQLSSLTSEDSAVYYCARSTYYGGDWYF,"[8, 56, 3, 37, 41, 26, 39, 24, 36, 49, 62, 33, 2]",FTTSNMHWWKQTPGRGLEWIGAIYYGGGDTSYNNKFFKKKTTTADKSSSSAYMQLSSLTSEDDAVYYCARSTYYGGDWYF,85.00%
20.0%,FTSYNMHWVKQTPGRGLEWIGAIYPGNGDTSYNQKFKGKATLTADKSSSTAYMQLSSLTSEDSAVYYCARSTYYGGDWYF,"[34, 35, 79, 8, 15, 37, 76, 31, 24, 60, 65, 19, 71]",FTSYNMHWWKQTPGRRLEWWGAIYYGNGDTSSNQQKKKKATLTADKSSSTAYMQLSSLTSSDSAVVYCARSSYYGGGWYY,83.75%
20.0%,FTSYNMHWVKQTPGRGLEWIGAIYPGNGDTSYNQKFKGKATLTADKSSSTAYMQLSSLTSEDSAVYYCARSTYYGGDWYF,"[37, 13, 67, 3, 11, 63, 25, 54, 2, 52, 48, 1, 62]",FMSSNMHWVKQQPPRGLEWIGAIYPPNGDTSYNQKFKKKATLTADKSSSTAYYQQSSLTSEDDSVYYYARSTYYGGDWYF,86.25%
30.0%,FTSYNMHWVKQTPGRGLEWIGAIYPGNGDTSYNQKFKGKATLTADKSSSTAYMQLSSLTSEDSAVYYCARSTYYGGDWYF,"[67, 7, 40, 45, 51, 71, 49, 73, 16, 11, 57, 31, 20, 56, 37, 2, 42, 62, 66, 5]",FTTYNNHHVKQQPGRGGEWIIAIYPGNGDTSSNQKFKKKAALLADDSSSSAAMQLSSSTSEDDAVYYYARSSYYGGDWYF,78.75%
30.0%,FTSYNMHWVKQTPGRGLEWIGAIYPGNGDTSYNQKFKGKATLTADKSSSTAYMQLSSLTSEDSAVYYCARSTYYGGDWYF,"[57, 51, 38, 27, 66, 67, 33, 45, 73, 53, 24, 44, 20, 69, 55, 79, 68, 1, 18, 78]",FFSYNMHWVKQTPGRGLEEIIAIYYGNNDTSYNNKFKGGATLTAADSSSTAAMMLLSSTSEDSAVYYYCASTYVGGDWWG,76.25%
30.0%,FTSYNMHWVKQTPGRGLEWIGAIYPGNGDTSYNQKFKGKATLTADKSSSTAYMQLSSLTSEDSAVYYCARSTYYGGDWYF,"[17, 5, 44, 40, 79, 11, 56, 9, 52, 69, 43, 8, 46, 36, 3, 2, 64, 16, 73, 41]",FTTSNNHWWVQQPGRGGLWIGAIYPGNGDTSYNQKFFGKAATTTVKKSSTAYYQLSSLTSEDSAAYYCAASTYVGGDWYY,76.25%
30.0%,FTSYNMHWVKQTPGRGLEWIGAIYPGNGDTSYNQKFKGKATLTADKSSSTAYMQLSSLTSEDSAVYYCARSTYYGGDWYF,"[7, 45, 24, 68, 32, 51, 53, 59, 9, 38, 47, 40, 65, 2, 41, 36, 78, 73, 48, 44]",FTTYNMHHVVQTPGRGLEWIGAIYYGNGDTSYYQKFFGGAATTAADSSSTAAMMLSSLTTEDSAVVYCCRSTYVGGDWWF,77.50%
30.0%,FTSYNMHWVKQTPGRGLEWIGAIYPGNGDTSYNQKFKGKATLTADKSSSTAYMQLSSLTSEDSAVYYCARSTYYGGDWYF,"[61, 17, 31, 57, 78, 24, 2, 73, 10, 45, 1, 9, 13, 58, 41, 53, 25, 60, 49, 33]",FMSYNMHWVVRTPPRGLLWIGAIYYPNGDTSSNNKFKGKATTTADDSSSSAYMMLSSSLSSESAVYYCARSTYVGGDWWF,76.25%
30.0%,FTSYNMHWVKQTPGRGLEWIGAIYPGNGDTSYNQKFKGKATLTADKSSSTAYMQLSSLTSEDSAVYYCARSTYYGGDWYF,"[43, 62, 73, 41, 8, 25, 27, 2, 7, 39, 1, 10, 24, 60, 64, 71, 56, 50, 3, 48]",FFSSNMHHWKKTPGRGLEWIGAIYYPNNDTSYNQKFKGKKTTTTDKSSSTTYMQLSSLTSSDDAAYYCARSSYYGGDWYF,80.00%
30.0%,FTSYNMHWVKQTPGRGLEWIGAIYPGNGDTSYNQKFKGKATLTADKSSSTAYMQLSSLTSEDSAVYYCARSTYYGGDWYF,"[12, 60, 8, 38, 49, 42, 79, 46, 43, 78, 3, 2, 7, 59, 26, 73, 5, 64, 11, 44]",FTTSNNHHWKQQAGRGLEWIGAIYPGGGDTSYNQKFKGGATLLTAKTSSSAYMQLSSLTTSDSAAYYCARSTYVGGDWWG,75.00%
30.0%,FTSYNMHWVKQTPGRGLEWIGAIYPGNGDTSYNQKFKGKATLTADKSSSTAYMQLSSLTSEDSAVYYCARSTYYGGDWYF,"[54, 11, 64, 67, 45, 27, 19, 41, 33, 34, 48, 3, 59, 35, 51, 2, 9, 1, 69, 39]",FMSSNMHWVVQQPGRGLEWWGAIYPGNNDTSYNNQKKGKKTTTADDSSSTAAMQQSSLTTEDSAAYYYAASTYYGGDWYF,77.50%
30.0%,FTSYNMHWVKQTPGRGLEWIGAIYPGNGDTSYNQKFKGKATLTADKSSSTAYMQLSSLTSEDSAVYYCARSTYYGGDWYF,"[49, 19, 47, 33, 54, 57, 36, 13, 12, 60, 64, 51, 9, 40, 50, 17, 16, 71, 41, 44]",FTSYNMHWVVQTTPRGGLWWGAIYPGNGDTSYNNKFFGKAATTAAKSSSSTAMQQSSSTSSDSAAYYCARSSYYGGDWYF,76.25%
30.0%,FTSYNMHWVKQTPGRGLEWIGAIYPGNGDTSYNQKFKGKATLTADKSSSTAYMQLSSLTSEDSAVYYCARSTYYGGDWYF,"[11, 53, 61, 17, 26, 57, 44, 41, 60, 5, 52, 3, 71, 56, 20, 12, 38, 55, 64, 49]",FTSSNNHWVKQQAGRGLLWIIAIYPGGGDTSYNQKFKGGATTTAAKSSSSAYYMLLSSTSSESAAYYCARSSYYGGDWYF,76.25%
30.0%,FTSYNMHWVKQTPGRGLEWIGAIYPGNGDTSYNQKFKGKATLTADKSSSTAYMQLSSLTSEDSAVYYCARSTYYGGDWYF,"[74, 43, 55, 40, 53, 39, 58, 27, 8, 78, 26, 17, 52, 44, 67, 12, 31, 9, 59, 65]",FTSYNMHWWVQTTGRGLLWIGAIYPGGSDTSSNQKFKGKKALTTAKSSSTAYYMLLSLLTEDSAVVYYARSTYYYGDWWF,75.00%
30.0%,FTSYNMHWVKQTPGRGLEWIGAIYPGNGDTSYNQKFKGKATLTADKSSSTAYMQLSSLTSEDSAVYYCARSTYYGGDWYF,"[40, 76, 26, 79, 61, 17, 62, 44, 19, 64, 34, 68, 38, 55, 53, 66, 42, 49, 27, 46]",FTSYNMHWVKQTPGRGLLWWGAIYPGGSDTSYNQQFKGGAALLAAKKSSSAYMMLLSLTSEEDAAYYCCRSTYYGGGWYY,76.25%
30.0%,FTSYNMHWVKQTPGRGLEWIGAIYPGNGDTSYNQKFKGKATLTADKSSSTAYMQLSSLTSEDSAVYYCARSTYYGGDWYF,"[43, 9, 71, 56, 35, 3, 67, 11, 13, 60, 73, 62, 14, 31, 37, 49, 1, 76, 79, 33]",FMSSNMHWVVQQPPGGLEWIGAIYPGNGDTSSNNKKKKKATLTTDKSSSSAYMQLSSLTSSDDAVYYYARSSYYGGGWYY,77.50%
30.0%,FTSYNMHWVKQTPGRGLEWIGAIYPGNGDTSYNQKFKGKATLTADKSSSTAYMQLSSLTSEDSAVYYCARSTYYGGDWYF,"[36, 67, 76, 71, 68, 54, 42, 32, 55, 38, 78, 2, 63, 3, 13, 31, 56, 11, 19, 59]",FTTSNMHWVKQQPPRGLEWWGAIYPGNGDTSSYQKFFGGATLLADKSSSTAYMQQLTLTTEDSSVYYYCRSSYYGGGWWF,75.00%
30.0%,FTSYNMHWVKQTPGRGLEWIGAIYPGNGDTSYNQKFKGKATLTADKSSSTAYMQLSSLTSEDSAVYYCARSTYYGGDWYF,"[20, 65, 47, 71, 78, 74, 40, 33, 17, 37, 27, 45, 55, 68, 16, 63, 15, 5, 69, 44]",FTSYNNHWVKQTPGRRGLWIIAIYPGNNDTSYNNKFKKKAALTAADSSSTAYMQLLSLTSEDSSVVYCCASSYYYGDWWF,76.25%
30.0%,FTSYNMHWVKQTPGRGLEWIGAIYPGNGDTSYNQKFKGKATLTADKSSSTAYMQLSSLTSEDSAVYYCARSTYYGGDWYF,"[14, 34, 25, 47, 62, 8, 56, 79, 76, 71, 31, 55, 51, 39, 43, 33, 60, 41, 78, 26]",FTSYNMHWWKQTPGGGLEWIGAIYPPSGDTSSNNQFKGKKTTTTDKSSSTAAMQLLNLTSSDDAVYYCARSSYYGGGWWG,76.25%
30.0%,FTSYNMHWVKQTPGRGLEWIGAIYPGNGDTSYNQKFKGKATLTADKSSSTAYMQLSSLTSEDSAVYYCARSTYYGGDWYF,"[2, 69, 47, 62, 54, 17, 9, 32, 48, 7, 27, 50, 19, 45, 16, 79, 57, 74, 61, 5]",FTTYNNHHVVQTPGRGGLWWGAIYPGNNDTSYYQKFKGKATLTADDSSSTTYMQQSSSTSEEDAVYYCAASTYYYGDWYY,77.50%
30.0%,FTSYNMHWVKQTPGRGLEWIGAIYPGNGDTSYNQKFKGKATLTADKSSSTAYMQLSSLTSEDSAVYYCARSTYYGGDWYF,"[8, 56, 3, 37, 41, 26, 39, 24, 36, 49, 62, 33, 2, 78, 13, 42, 47, 32, 64, 34]",FTTSNMHWWKQTPPRGLEWIGAIYYGGGDTSYYNQFFKKKTTIADKSSSSAYMQLSSLTSEDDAAYYCARSTYYGGDWWF,77.50%
30.0%,FTSYNMHWVKQTPGRGLEWIGAIYPGNGDTSYNQKFKGKATLTADKSSSTAYMQLSSLTSEDSAVYYCARSTYYGGDWYF,"[34, 35, 79, 8, 15, 37, 76, 31, 24, 60, 65, 19, 71, 66, 48, 78, 67, 46, 9, 1]",FMSYNMHWWVQTPGRKLEWWGAIYYGNGDTSSNQQKKKKATLTADKKSSTAYMQLSSLTSSDSAVVYYARSSYYGGGWWG,77.50%
30.0%,FTSYNMHWVKQTPGRGLEWIGAIYPGNGDTSYNQKFKGKATLTADKSSSTAYMQLSSLTSEDSAVYYCARSTYYGGDWYF,"[37, 13, 67, 3, 11, 63, 25, 54, 2, 52, 48, 1, 62, 40, 33, 71, 43, 69, 57, 78]",FMSSNMHWVKQQPPRGLEWIGAIYPPNGDTSYNNKFKKKAALTTDKSSSTAYYQQSSSTSEDDSVYYYAASSYYGGDWWF,77.50%
40.0%,FTSYNMHWVKQTPGRGLEWIGAIYPGNGDTSYNQKFKGKATLTADKSSSTAYMQLSSLTSEDSAVYYCARSTYYGGDWYF,"[67, 7, 40, 45, 51, 71, 49, 73, 16, 11, 57, 31, 20, 56, 37, 2, 42, 62, 66, 5, 50, 15, 48, 38, 58, 14]",FTTYNNHHVKQQPGGKGEWIIAIYPGNGDTSSNQKFKKGAALLADDSSSSTAMQLSSSLSEDDAVYYFARSSYYGGDWYF,72.50%
40.0%,FTSYNMHWVKQTPGRGLEWIGAIYPGNGDTSYNQKFKGKATLTADKSSSTAYMQLSSLTSEDSAVYYCARSTYYGGDWYF,"[57, 51, 38, 27, 66, 67, 33, 45, 73, 53, 24, 44, 20, 69, 55, 79, 68, 1, 18, 78, 2, 37, 12, 71, 26, 13]",FFSYNMHWVKQTTPRGLEEIIAIYYGGSDTSYNNKFKKGATLTAADSSSTAAMMLLSSTSEDSAVYYYCASSYYGGDWWG,71.25%
40.0%,FTSYNMHWVKQTPGRGLEWIGAIYPGNGDTSYNQKFKGKATLTADKSSSTAYMQLSSLTSEDSAVYYCARSTYYGGDWYF,"[17, 5, 44, 40, 79, 11, 56, 9, 52, 69, 43, 8, 46, 36, 3, 2, 64, 16, 73, 41, 47, 60, 76, 15, 50, 65]",FTTSNNHWWVQQPGRQGLWIGAIYPGNGDTSYNQKFFGKAATTTAKKSSTTYYQLSSLTSSDSAAVYCAASTYVGGGWYY,70.00%
40.0%,FTSYNMHWVKQTPGRGLEWIGAIYPGNGDTSYNQKFKGKATLTADKSSSTAYMQLSSLTSEDSAVYYCARSTYYGGDWYF,"[7, 45, 24, 68, 32, 51, 53, 59, 9, 38, 47, 40, 65, 2, 41, 36, 78, 73, 48, 44, 60, 34, 14, 5, 67, 10]",FTTYNNHHVVKTPGGGLEWIGAIYYGNGDTSYYQQFFGGAATTAADSSSTAAMMLSSLTTSDSAVVYYCRSTYVGGDWWF,70.00%
40.0%,FTSYNMHWVKQTPGRGLEWIGAIYPGNGDTSYNQKFKGKATLTADKSSSTAYMQLSSLTSEDSAVYYCARSTYYGGDWYF,"[61, 17, 31, 57, 78, 24, 2, 73, 10, 45, 1, 9, 13, 58, 41, 53, 25, 60, 49, 33, 46, 34, 62, 51, 26, 76]",FMSYNMHWVVKTPPRGLLWIGAIYYPNGDTSSNNDFKGKATTTADDTSSSAAMMLSSSLSSEDAVYYCARSTYVGGGWWF,70.00%
40.0%,FTSYNMHWVKQTPGRGLEWIGAIYPGNGDTSYNQKFKGKATLTADKSSSTAYMQLSSLTSEDSAVYYCARSTYYGGDWYF,"[43, 62, 73, 41, 8, 25, 27, 2, 7, 39, 1, 10, 24, 60, 64, 71, 56, 50, 3, 48, 67, 11, 20, 12, 16, 36]",FMSSNMHHWKKQAGRGGEWIIAIYYTNNDTSYNQKFFGKKTTTTDKSSSTTYMQLSSLTSSDDAAYYYARSSYYGGDWYF,72.50%
40.0%,FTSYNMHWVKQTPGRGLEWIGAIYPGNGDTSYNQKFKGKATLTADKSSSTAYMQLSSLTSEDSAVYYCARSTYYGGDWYF,"[12, 60, 8, 38, 49, 42, 79, 46, 43, 78, 3, 2, 7, 59, 26, 73, 5, 64, 11, 44, 24, 71, 27, 76, 34, 39]",FTTSNNHHWKQQKGRGLEWIGAIYYGGSDTSYNQQFKGGRTLLTAKKSSSAYMQLSSLTTSDSAAYYCARSSYVGGGWWG,67.50%
40.0%,FTSYNMHWVKQTPGRGLEWIGAIYPGNGDTSYNQKFKGKATLTADKSSSTAYMQLSSLTSEDSAVYYCARSTYYGGDWYF,"[54, 11, 64, 67, 45, 27, 19, 41, 33, 34, 48, 3, 59, 35, 51, 2, 9, 1, 69, 39, 55, 43, 58, 26, 73, 36]",FMSSNMHWVVQQPGRGLEWWGAIYPGGSDTSYNNQKVGKKTTTTDDSSSTAAMQQLSLLTEDSAAYYYAASTYVGGDWYF,70.00%
40.0%,FTSYNMHWVKQTPGRGLEWIGAIYPGNGDTSYNQKFKGKATLTADKSSSTAYMQLSSLTSEDSAVYYCARSTYYGGDWYF,"[49, 19, 47, 33, 54, 57, 36, 13, 12, 60, 64, 51, 9, 40, 50, 17, 16, 71, 41, 44, 58, 67, 39, 59, 2, 7]",FTTYNMHHVVQTTPRGGLWWGAIYPGNGDTSYNNKFFGKKFTTAAKSSSSTAMQQSSSLTADSAAYYYARSSYYGGDWYF,68.75%
40.0%,FTSYNMHWVKQTPGRGLEWIGAIYPGNGDTSYNQKFKGKATLTADKSSSTAYMQLSSLTSEDSAVYYCARSTYYGGDWYF,"[11, 53, 61, 17, 26, 57, 44, 41, 60, 5, 52, 3, 71, 56, 20, 12, 38, 55, 64, 49, 43, 68, 74, 47, 24, 45]",FTSSNNHWVKQQAGRGLLWIIAIYYGGGDTSYNQKFKGGATTTTADSSSSAYYMLLSSTSSESAAYYCCRSSYYYGDWYF,70.00%
40.0%,FTSYNMHWVKQTPGRGLEWIGAIYPGNGDTSYNQKFKGKATLTADKSSSTAYMQLSSLTSEDSAVYYCARSTYYGGDWYF,"[74, 43, 55, 40, 53, 39, 58, 27, 8, 78, 26, 17, 52, 44, 67, 12, 31, 9, 59, 65, 64, 15, 7, 68, 47, 51]",FTSYNMHHWVQTTGRRLLWIGAIYPGGSDTSSNQKFKGKKALTTAKSSSTAAYMLLSLLTEDSAAVYYCRSTYYYGDWWF,68.75%
40.0%,FTSYNMHWVKQTPGRGLEWIGAIYPGNGDTSYNQKFKGKATLTADKSSSTAYMQLSSLTSEDSAVYYCARSTYYGGDWYF,"[40, 76, 26, 79, 61, 17, 62, 44, 19, 64, 34, 68, 38, 55, 53, 66, 42, 49, 27, 46, 51, 32, 33, 20, 65, 1]",FFSYNMHWVKQTPGRGLLWWIAIYPGGSDTSYYNDFKGGAALLAAKKSSSAAMMLLSLTSEEDAAVYCCRSTYYGGGWYY,68.75%
40.0%,FTSYNMHWVKQTPGRGLEWIGAIYPGNGDTSYNQKFKGKATLTADKSSSTAYMQLSSLTSEDSAVYYCARSTYYGGDWYF,"[43, 9, 71, 56, 35, 3, 67, 11, 13, 60, 73, 62, 14, 31, 37, 49, 1, 76, 79, 33, 61, 59, 18, 7, 69, 51]",FMSSNMHHVVQQPPGGLEEIGAIYPGNGDTSSNNKKKKKATLTTDKSSSSAAMQLSSLTTSEDAVYYYAASSYVGGGWYY,68.75%
40.0%,FTSYNMHWVKQTPGRGLEWIGAIYPGNGDTSYNQKFKGKATLTADKSSSTAYMQLSSLTSEDSAVYYCARSTYYGGDWYF,"[36, 67, 76, 71, 68, 54, 42, 32, 55, 38, 78, 2, 63, 3, 13, 31, 56, 11, 19, 59, 5, 61, 65, 73, 17, 37]",FTTSNNHWVKQQPPRGLLWWGAIYPGNGDTSSYQKFFKGATLLADKSSSTAYMQQLSLTTEESSVVYYCRSSYVGGGWWF,68.75%
40.0%,FTSYNMHWVKQTPGRGLEWIGAIYPGNGDTSYNQKFKGKATLTADKSSSTAYMQLSSLTSEDSAVYYCARSTYYGGDWYF,"[20, 65, 47, 71, 78, 74, 40, 33, 17, 37, 27, 45, 55, 68, 16, 63, 15, 5, 69, 44, 66, 76, 8, 43, 73, 42]",FTSYNNHWWKQTPGRRGLWIIAIYPGNNDTSYNNKFKKKAALLTADSSSTAYMQLLSLTSEDSSVVYCCASSYVSGGWWF,70.00%
40.0%,FTSYNMHWVKQTPGRGLEWIGAIYPGNGDTSYNQKFKGKATLTADKSSSTAYMQLSSLTSEDSAVYYCARSTYYGGDWYF,"[14, 34, 25, 47, 62, 8, 56, 79, 76, 71, 31, 55, 51, 39, 43, 33, 60, 41, 78, 26, 64, 36, 61, 49, 3, 52]",FTSSNMHWWKQTPGGGLEWIGAIYPPSGDTSSNNQFFGKKTTTTDKSSSSAAYQLLNLTSSEDAAYYCARSSYYGGGWWG,68.75%
40.0%,FTSYNMHWVKQTPGRGLEWIGAIYPGNGDTSYNQKFKGKATLTADKSSSTAYMQLSSLTSEDSAVYYCARSTYYGGDWYF,"[2, 69, 47, 62, 54, 17, 9, 32, 48, 7, 27, 50, 19, 45, 16, 79, 57, 74, 61, 5, 46, 44, 11, 33, 60, 12]",FTTYNNHHVVQQAGRGGLWWGAIYPGNNDTSYYSKFKGKATLTAADTSSTTYMQQSSSTSSEDAVYYCAASTYYYGDWYY,70.00%
40.0%,FTSYNMHWVKQTPGRGLEWIGAIYPGNGDTSYNQKFKGKATLTADKSSSTAYMQLSSLTSEDSAVYYCARSTYYGGDWYF,"[8, 56, 3, 37, 41, 26, 39, 24, 36, 49, 62, 33, 2, 78, 13, 42, 47, 32, 64, 34, 9, 50, 46, 52, 40, 43]",FTTSNMHWWVQTPPRGLEWIGAIYYGGGDTSYYNQFFKKKATITDKKSSSTYYQLSSLTSEDDAAYYCARSTYYGGDWWF,70.00%
40.0%,FTSYNMHWVKQTPGRGLEWIGAIYPGNGDTSYNQKFKGKATLTADKSSSTAYMQLSSLTSEDSAVYYCARSTYYGGDWYF,"[34, 35, 79, 8, 15, 37, 76, 31, 24, 60, 65, 19, 71, 66, 48, 78, 67, 46, 9, 1, 40, 16, 39, 7, 63, 44]",FMSYNMHHWVQTPGRRGEWWGAIYYGNGDTSSNQQKKKKKALTAAKKSSTAYMQLSSLTSSDSSVVYYARSSYYGGGWWG,70.00%
40.0%,FTSYNMHWVKQTPGRGLEWIGAIYPGNGDTSYNQKFKGKATLTADKSSSTAYMQLSSLTSEDSAVYYCARSTYYGGDWYF,"[37, 13, 67, 3, 11, 63, 25, 54, 2, 52, 48, 1, 62, 40, 33, 71, 43, 69, 57, 78, 55, 46, 27, 51, 14, 42]",FMSSNMHWVKQQPPGGLEWIGAIYPPNNDTSYNNKFKKKAALLTDKKSSTAAYQQLSSTSEDDSVYYYAASSYYGGDWWF,70.00%
50.0%,FTSYNMHWVKQTPGRGLEWIGAIYPGNGDTSYNQKFKGKATLTADKSSSTAYMQLSSLTSEDSAVYYCARSTYYGGDWYF,"[67, 7, 40, 45, 51, 71, 49, 73, 16, 11, 57, 31, 20, 56, 37, 2, 42, 62, 66, 5, 50, 15, 48, 38, 58, 14, 47, 26, 10, 19, 53, 12, 41]",FTTYNNHHVKKQAGGKGEWWIAIYPGGGDTSSNQKFKKGAATLADDSSSSTAMMLSSSLSEDDAVYYYARSSYYGGDWYF,65.00%
50.0%,FTSYNMHWVKQTPGRGLEWIGAIYPGNGDTSYNQKFKGKATLTADKSSSTAYMQLSSLTSEDSAVYYCARSTYYGGDWYF,"[57, 51, 38, 27, 66, 67, 33, 45, 73, 53, 24, 44, 20, 69, 55, 79, 68, 1, 18, 78, 2, 37, 12, 71, 26, 13, 19, 48, 46, 5, 10, 3, 36]",FMSSNNHWVKKTTPRGLEEWIAIYYGGTDTSYNNKFFKGATLTAADTSSTAAMMLLSSTSEDSAVYYYCASSYYGGDWWG,63.75%
50.0%,FTSYNMHWVKQTPGRGLEWIGAIYPGNGDTSYNQKFKGKATLTADKSSSTAYMQLSSLTSEDSAVYYCARSTYYGGDWYF,"[17, 5, 44, 40, 79, 11, 56, 9, 52, 69, 43, 8, 46, 36, 3, 2, 64, 16, 73, 41, 47, 60, 76, 15, 50, 65, 35, 57, 37, 63, 20, 1, 13]",FMSSNNHWWIQQPPRRGLWIIAIYPGNGDTSYNQKKFKKAFRTTAKKDSTTYYQLSSSTSSDSSAVYCAASTYVGGGWYY,61.25%
50.0%,FTSYNMHWVKQTPGRGLEWIGAIYPGNGDTSYNQKFKGKATLTADKSSSTAYMQLSSLTSEDSAVYYCARSTYYGGDWYF,"[7, 45, 24, 68, 32, 51, 53, 59, 9, 38, 47, 40, 65, 2, 41, 36, 78, 73, 48, 44, 60, 34, 14, 5, 67, 10, 33, 12, 71, 13, 61, 64, 11]",FTTYNNHHVVKQAPGGLEWIGAIYYGNGDTSYYAPFFGGAATTAADSSSTAAMMLSSLTTSESAAVYYCRSSYVGGDWWF,61.25%
50.0%,FTSYNMHWVKQTPGRGLEWIGAIYPGNGDTSYNQKFKGKATLTADKSSSTAYMQLSSLTSEDSAVYYCARSTYYGGDWYF,"[61, 17, 31, 57, 78, 24, 2, 73, 10, 45, 1, 9, 13, 58, 41, 53, 25, 60, 49, 33, 46, 34, 62, 51, 26, 76, 7, 27, 71, 63, 67, 79, 74]",FFSYNMHHVVRTPPRGLLWIGAIYYPNSDTSSNNEFKGKATTTADDTSSSAAMMLSSSLSSEDTVYYYARSSYYSGGWWG,62.50%
50.0%,FTSYNMHWVKQTPGRGLEWIGAIYPGNGDTSYNQKFKGKATLTADKSSSTAYMQLSSLTSEDSAVYYCARSTYYGGDWYF,"[43, 62, 73, 41, 8, 25, 27, 2, 7, 39, 1, 10, 24, 60, 64, 71, 56, 50, 3, 48, 67, 11, 20, 12, 16, 36, 55, 59, 35, 52, 5, 57, 14]",FMSSNNHHWKKQAGGGGEWIIAIYYYNNDTSYNQKKFGKKTTTTDKSSSTTYYQLLNSTTADDAAYYYARSSYYGGDWYF,62.50%
50.0%,FTSYNMHWVKQTPGRGLEWIGAIYPGNGDTSYNQKFKGKATLTADKSSSTAYMQLSSLTSEDSAVYYCARSTYYGGDWYF,"[12, 60, 8, 38, 49, 42, 79, 46, 43, 78, 3, 2, 7, 59, 26, 73, 5, 64, 11, 44, 24, 71, 27, 76, 34, 39, 32, 69, 50, 74, 63, 68, 67]",FTTSNNHHWKQQKGRGLEWIGAIYYGGSDTSYYQQFKGGRTLLTAKTSSSTYMQLSSLTTSDSSAYYYCASSYVSGGWWG,58.75%
50.0%,FTSYNMHWVKQTPGRGLEWIGAIYPGNGDTSYNQKFKGKATLTADKSSSTAYMQLSSLTSEDSAVYYCARSTYYGGDWYF,"[54, 11, 64, 67, 45, 27, 19, 41, 33, 34, 48, 3, 59, 35, 51, 2, 9, 1, 69, 39, 55, 43, 58, 26, 73, 36, 17, 18, 42, 68, 31, 37, 65]",FMSSNMHWVVQQPGRGLLEWGAIYPGGSDTSSNNSKLKKKTTITDDSSSTAAMQQLSLLEEDSAAVYYCASTYVGGDWYF,61.25%
50.0%,FTSYNMHWVKQTPGRGLEWIGAIYPGNGDTSYNQKFKGKATLTADKSSSTAYMQLSSLTSEDSAVYYCARSTYYGGDWYF,"[49, 19, 47, 33, 54, 57, 36, 13, 12, 60, 64, 51, 9, 40, 50, 17, 16, 71, 41, 44, 58, 67, 39, 59, 2, 7, 69, 61, 11, 62, 68, 76, 5]",FTTYNNHHVVQQAPRGGLWWGAIYPGNGDTSYNNKFFGKKITTAAKSSSSRAMQQSSSLQSEDAAYYYCASSYYGGGWYF,60.00%
50.0%,FTSYNMHWVKQTPGRGLEWIGAIYPGNGDTSYNQKFKGKATLTADKSSSTAYMQLSSLTSEDSAVYYCARSTYYGGDWYF,"[11, 53, 61, 17, 26, 57, 44, 41, 60, 5, 52, 3, 71, 56, 20, 12, 38, 55, 64, 49, 43, 68, 74, 47, 24, 45, 32, 34, 2, 18, 79, 9, 36]",FTTSNNHWVVQQAGRGLLEIIAIYYGGGDTSYYQQFFGGATTTTADSSSSAYYMLLSSTSSESAAYYCCRSSYYYGDWYY,61.25%
50.0%,FTSYNMHWVKQTPGRGLEWIGAIYPGNGDTSYNQKFKGKATLTADKSSSTAYMQLSSLTSEDSAVYYCARSTYYGGDWYF,"[74, 43, 55, 40, 53, 39, 58, 27, 8, 78, 26, 17, 52, 44, 67, 12, 31, 9, 59, 65, 64, 15, 7, 68, 47, 51, 36, 61, 73, 63, 49, 1, 76]",FMSYNMHHWVQTTGRRLLWIGAIYPGGSDTSSNQKFFGKKALTTAKSSSSAAYMLLSLLTEESSAVYYCRSTYVSGGWWF,60.00%
50.0%,FTSYNMHWVKQTPGRGLEWIGAIYPGNGDTSYNQKFKGKATLTADKSSSTAYMQLSSLTSEDSAVYYCARSTYYGGDWYF,"[40, 76, 26, 79, 61, 17, 62, 44, 19, 64, 34, 68, 38, 55, 53, 66, 42, 49, 27, 46, 51, 32, 33, 20, 65, 1, 10, 2, 43, 67, 3, 39, 14]",FFSTNMHWVKKTPGGGLLWWIAIYPGGSDTSYYADFKGGRVLLTAKKSSSAAMMLLSLTSEEDAAVYYCRSTYYGGGWYY,61.25%
50.0%,FTSYNMHWVKQTPGRGLEWIGAIYPGNGDTSYNQKFKGKATLTADKSSSTAYMQLSSLTSEDSAVYYCARSTYYGGDWYF,"[43, 9, 71, 56, 35, 3, 67, 11, 13, 60, 73, 62, 14, 31, 37, 49, 1, 76, 79, 33, 61, 59, 18, 7, 69, 51, 39, 17, 20, 40, 46, 65, 10]",FFSSNMHHVVRQPPGGLLEIIAIYPGNGDTSSNNKKKKKKALTTDKKSSSAAMQLSSLTTSEDAVVYYAASSYYGGGWYY,61.25%
50.0%,FTSYNMHWVKQTPGRGLEWIGAIYPGNGDTSYNQKFKGKATLTADKSSSTAYMQLSSLTSEDSAVYYCARSTYYGGDWYF,"[36, 67, 76, 71, 68, 54, 42, 32, 55, 38, 78, 2, 63, 3, 13, 31, 56, 11, 19, 59, 5, 61, 65, 73, 17, 37, 15, 51, 58, 47, 60, 41, 26]",FTTSNNHWVKQQPPRRLLWWGAIYPGGGDTSSYQKFFKGATTLADKSSSTAAMQQLTLLEPESSVVYYCRSSYVGGGWWF,60.00%
50.0%,FTSYNMHWVKQTPGRGLEWIGAIYPGNGDTSYNQKFKGKATLTADKSSSTAYMQLSSLTSEDSAVYYCARSTYYGGDWYF,"[20, 65, 47, 71, 78, 74, 40, 33, 17, 37, 27, 45, 55, 68, 16, 63, 15, 5, 69, 44, 66, 76, 8, 43, 73, 42, 24, 35, 79, 52, 12, 9, 19]",FTSYNNHWWVQTTGRKGLWWIAIYYGNNDTSYNNKKKKKAALLTRDSSSTAYYQLLSLTSEDSSVVYCCASSYYSGGWWG,62.50%
50.0%,FTSYNMHWVKQTPGRGLEWIGAIYPGNGDTSYNQKFKGKATLTADKSSSTAYMQLSSLTSEDSAVYYCARSTYYGGDWYF,"[14, 34, 25, 47, 62, 8, 56, 79, 76, 71, 31, 55, 51, 39, 43, 33, 60, 41, 78, 26, 64, 36, 61, 49, 3, 52, 19, 63, 17, 58, 1, 38, 74]",FMSSNMHWWKQTPGGGLLWWGAIYPPSGDTSSNNQFFGGRTTTTDKSSSSAAYQLLNLLSSEDTAYYCARSSYYYGGWWG,60.00%
50.0%,FTSYNMHWVKQTPGRGLEWIGAIYPGNGDTSYNQKFKGKATLTADKSSSTAYMQLSSLTSEDSAVYYCARSTYYGGDWYF,"[2, 69, 47, 62, 54, 17, 9, 32, 48, 7, 27, 50, 19, 45, 16, 79, 57, 74, 61, 5, 46, 44, 11, 33, 60, 12, 52, 18, 14, 78, 15, 73, 59]",FTTYNNHHVVQQAGGKGLEWGAIYPGNNDTSYYNKFKGKATLTAADTSSTTYYQQSSSTTSEDAVYYCAASTYVSGDWWG,61.25%
50.0%,FTSYNMHWVKQTPGRGLEWIGAIYPGNGDTSYNQKFKGKATLTADKSSSTAYMQLSSLTSEDSAVYYCARSTYYGGDWYF,"[8, 56, 3, 37, 41, 26, 39, 24, 36, 49, 62, 33, 2, 78, 13, 42, 47, 32, 64, 34, 9, 50, 46, 52, 40, 43, 19, 48, 11, 45, 12, 59, 57]",FTTSNMHWWVQQAPRGLEWWGAIYYGGGDTSYYNQFFKKKATITDDNSKSTYYQLSSSTTEDDAAYYCARSTYYGGDWWF,61.25%
50.0%,FTSYNMHWVKQTPGRGLEWIGAIYPGNGDTSYNQKFKGKATLTADKSSSTAYMQLSSLTSEDSAVYYCARSTYYGGDWYF,"[34, 35, 79, 8, 15, 37, 76, 31, 24, 60, 65, 19, 71, 66, 48, 78, 67, 46, 9, 1, 40, 16, 39, 7, 63, 44, 33, 32, 5, 57, 11, 25, 3]",FMSSNNHHWAQQPGRKGEWWGAIYYPNGDTSSYAQKKKKKALTAAKKSSTAYMQLSSSTSSDSSVVYYARSSYYGGGWWG,61.25%
50.0%,FTSYNMHWVKQTPGRGLEWIGAIYPGNGDTSYNQKFKGKATLTADKSSSTAYMQLSSLTSEDSAVYYCARSTYYGGDWYF,"[37, 13, 67, 3, 11, 63, 25, 54, 2, 52, 48, 1, 62, 40, 33, 71, 43, 69, 57, 78, 55, 46, 27, 51, 14, 42, 10, 9, 32, 74, 26, 58, 8]",FMSSNMHWWVKQPPGGLEWIGAIYPPGNDTSYYNKFKKKAALLTDKKSSTAAYQQLSSLSEDDSVYYYAASSYYYGDWWF,61.25%
60.0%,FTSYNMHWVKQTPGRGLEWIGAIYPGNGDTSYNQKFKGKATLTADKSSSTAYMQLSSLTSEDSAVYYCARSTYYGGDWYF,"[67, 7, 40, 45, 51, 71, 49, 73, 16, 11, 57, 31, 20, 56, 37, 2, 42, 62, 66, 5, 50, 15, 48, 38, 58, 14, 47, 26, 10, 19, 53, 12, 41, 59, 9, 35, 61, 60, 76, 39]",FTTYNNHHVVGGGGGGGEWWSAIYPGGGDTSSNQKKKKVAGSGADDSSGGSAMMLSSGLLLLDAVYYWARSSYYGGGWYF,57.50%
60.0%,FTSYNMHWVKQTPGRGLEWIGAIYPGNGDTSYNQKFKGKATLTADKSSSTAYMQLSSLTSEDSAVYYCARSTYYGGDWYF,"[57, 51, 38, 27, 66, 67, 33, 45, 73, 53, 24, 44, 20, 69, 55, 79, 68, 1, 18, 78, 2, 37, 12, 71, 26, 13, 19, 48, 46, 5, 10, 3, 36, 65, 16, 7, 32, 14, 39, 60]",FMSSNNHHVKKTTPGGGEEWIAIYYGGSDTSYYAKFFKGRTLTAADTSSTAAMMLLSSTSSDSAVVYYCASSYYGGDWWG,55.00%
60.0%,FTSYNMHWVKQTPGRGLEWIGAIYPGNGDTSYNQKFKGKATLTADKSSSTAYMQLSSLTSEDSAVYYCARSTYYGGDWYF,"[17, 5, 44, 40, 79, 11, 56, 9, 52, 69, 43, 8, 46, 36, 3, 2, 64, 16, 73, 41, 47, 60, 76, 15, 50, 65, 35, 57, 37, 63, 20, 1, 13, 62, 27, 45, 7, 68, 33, 51]",FMSSNNHHWIQQPPRRGLWIIAIYPGNNDTSYNNKKFKKAFRTTADSSSTTAYQLSSSTSSDDTAVYCCASTYVGGGWYY,55.00%
60.0%,FTSYNMHWVKQTPGRGLEWIGAIYPGNGDTSYNQKFKGKATLTADKSSSTAYMQLSSLTSEDSAVYYCARSTYYGGDWYF,"[7, 45, 24, 68, 32, 51, 53, 59, 9, 38, 47, 40, 65, 2, 41, 36, 78, 73, 48, 44, 60, 34, 14, 5, 67, 10, 33, 12, 71, 13, 61, 64, 11, 49, 74, 20, 76, 8, 15, 3]",FTTSNNHHWIKQAPGQLEWIIAIYYGNGDTSYYAQFFGGAATTAADSSSSAAMMLSSLTTSESAAVYYCRSSYYSGGWWF,53.75%
60.0%,FTSYNMHWVKQTPGRGLEWIGAIYPGNGDTSYNQKFKGKATLTADKSSSTAYMQLSSLTSEDSAVYYCARSTYYGGDWYF,"[61, 17, 31, 57, 78, 24, 2, 73, 10, 45, 1, 9, 13, 58, 41, 53, 25, 60, 49, 33, 46, 34, 62, 51, 26, 76, 7, 27, 71, 63, 67, 79, 74, 64, 20, 52, 5, 40, 35, 12]",FMSYNNHHVVRTTPRGLLWIIAIYYPGSDTSSNAEKKGKAATTADDTSSSAAYLLSSSLSSEDTAYYYARSSYYPGGWWG,52.50%
60.0%,FTSYNMHWVKQTPGRGLEWIGAIYPGNGDTSYNQKFKGKATLTADKSSSTAYMQLSSLTSEDSAVYYCARSTYYGGDWYF,"[43, 62, 73, 41, 8, 25, 27, 2, 7, 39, 1, 10, 24, 60, 64, 71, 56, 50, 3, 48, 67, 11, 20, 12, 16, 36, 55, 59, 35, 52, 5, 57, 14, 26, 19, 31, 33, 32, 13, 45]",FMSSNNHHWKKQAPGGGEWWIAIYYYGTDTSSYAKKFGKKTTTTDDSSSTTYYQLLNSTTSDDAAYYYARSSYYGGDWYF,53.75%
60.0%,FTSYNMHWVKQTPGRGLEWIGAIYPGNGDTSYNQKFKGKATLTADKSSSTAYMQLSSLTSEDSAVYYCARSTYYGGDWYF,"[12, 60, 8, 38, 49, 42, 79, 46, 43, 78, 3, 2, 7, 59, 26, 73, 5, 64, 11, 44, 24, 71, 27, 76, 34, 39, 32, 69, 50, 74, 63, 68, 67, 10, 36, 17, 13, 19, 40, 33]",FTTSNNHHWKKQAPRGLLWWGAIYYGGSDTSYYNQFFGGRVLLTAKKSSSTYMQLSSLTTSDSSAYYYCASSYYSGGWWG,51.25%
60.0%,FTSYNMHWVKQTPGRGLEWIGAIYPGNGDTSYNQKFKGKATLTADKSSSTAYMQLSSLTSEDSAVYYCARSTYYGGDWYF,"[54, 11, 64, 67, 45, 27, 19, 41, 33, 34, 48, 3, 59, 35, 51, 2, 9, 1, 69, 39, 55, 43, 58, 26, 73, 36, 17, 18, 42, 68, 31, 37, 65, 76, 32, 61, 25, 13, 20, 24]",FMSSNMHWVVQQPPRGLLEWIAIYYPGSDTSSYAPSLKKKTTITDDSSSTAAMQQLSLLEEESAAVYYCASTYVGGGWYF,52.50%
60.0%,FTSYNMHWVKQTPGRGLEWIGAIYPGNGDTSYNQKFKGKATLTADKSSSTAYMQLSSLTSEDSAVYYCARSTYYGGDWYF,"[49, 19, 47, 33, 54, 57, 36, 13, 12, 60, 64, 51, 9, 40, 50, 17, 16, 71, 41, 44, 58, 67, 39, 59, 2, 7, 69, 61, 11, 62, 68, 76, 5, 24, 27, 55, 43, 35, 10, 56]",FTTYNNHHVVGGGGRGGGWWGAIYYGNNDTSYNNKKYGKKYTTTGKSSSSGYMQQSYYYYYGGAAYYYYYSSYYGGGWYF,55.00%
60.0%,FTSYNMHWVKQTPGRGLEWIGAIYPGNGDTSYNQKFKGKATLTADKSSSTAYMQLSSLTSEDSAVYYCARSTYYGGDWYF,"[11, 53, 61, 17, 26, 57, 44, 41, 60, 5, 52, 3, 71, 56, 20, 12, 38, 55, 64, 49, 43, 68, 74, 47, 24, 45, 32, 34, 2, 18, 79, 9, 36, 33, 73, 31, 50, 54, 15, 25]",FTTSNNHWVVQQAGRRLLEIIAIYYPGGDTSSYNQFFGGATTTTADSSSSTYYLQLKSTSSESAAYYCCRSSYYSGDWYY,52.50%
60.0%,FTSYNMHWVKQTPGRGLEWIGAIYPGNGDTSYNQKFKGKATLTADKSSSTAYMQLSSLTSEDSAVYYCARSTYYGGDWYF,"[74, 43, 55, 40, 53, 39, 58, 27, 8, 78, 26, 17, 52, 44, 67, 12, 31, 9, 59, 65, 64, 15, 7, 68, 47, 51, 36, 61, 73, 63, 49, 1, 76, 46, 20, 45, 57, 5, 69, 66]",FFSYNNHHWVQTTGRKLLWIIAIYPGGSDTSSNQKFFGKKFLTTRDTSSSAAYMLLSSLTEESSAVYFCASTYVSGGWWF,52.50%
60.0%,FTSYNMHWVKQTPGRGLEWIGAIYPGNGDTSYNQKFKGKATLTADKSSSTAYMQLSSLTSEDSAVYYCARSTYYGGDWYF,"[40, 76, 26, 79, 61, 17, 62, 44, 19, 64, 34, 68, 38, 55, 53, 66, 42, 49, 27, 46, 51, 32, 33, 20, 65, 1, 10, 2, 43, 67, 3, 39, 14, 31, 25, 54, 71, 69, 63, 36]",FMSGNMHWVKKTPGGGLLWWSAIYPPSADTSSSSSFFGGSSLLSSKKSSSAAMMSSSLTSEESSSSSSSSSSYYGGGWYY,53.75%
60.0%,FTSYNMHWVKQTPGRGLEWIGAIYPGNGDTSYNQKFKGKATLTADKSSSTAYMQLSSLTSEDSAVYYCARSTYYGGDWYF,"[43, 9, 71, 56, 35, 3, 67, 11, 13, 60, 73, 62, 14, 31, 37, 49, 1, 76, 79, 33, 61, 59, 18, 7, 69, 51, 39, 17, 20, 40, 46, 65, 10, 58, 74, 8, 24, 15, 27, 63]",FFSSNMHHFVRQPPGQLLEIIAIYYGNNDTSSNNKKKKKKALTTDKKSSSAAMQLSSLLEAEDSVVYYAASSYYSGGWYY,52.50%
60.0%,FTSYNMHWVKQTPGRGLEWIGAIYPGNGDTSYNQKFKGKATLTADKSSSTAYMQLSSLTSEDSAVYYCARSTYYGGDWYF,"[36, 67, 76, 71, 68, 54, 42, 32, 55, 38, 78, 2, 63, 3, 13, 31, 56, 11, 19, 59, 5, 61, 65, 73, 17, 37, 15, 51, 58, 47, 60, 41, 26, 44, 34, 53, 74, 46, 7, 62]",FTTSNNHHVKQQPPRRLLWWGAIYPGGGDTSSYQQFFKSATTFAAKKDSTAAMMEISLLKSEDTVVYYCRSSYYSGGWWF,52.50%
60.0%,FTSYNMHWVKQTPGRGLEWIGAIYPGNGDTSYNQKFKGKATLTADKSSSTAYMQLSSLTSEDSAVYYCARSTYYGGDWYF,"[20, 65, 47, 71, 78, 74, 40, 33, 17, 37, 27, 45, 55, 68, 16, 63, 15, 5, 69, 44, 66, 76, 8, 43, 73, 42, 24, 35, 79, 52, 12, 9, 19, 54, 60, 3, 59, 51, 1, 14]",FFSSNNHWWVQTTGGKGLWWIAIYYGNNDTSYNNKKKKKAALLTRDSSSTAAYQQLSLTTSDSSVVYCCASSYYSGGWWG,53.75%
60.0%,FTSYNMHWVKQTPGRGLEWIGAIYPGNGDTSYNQKFKGKATLTADKSSSTAYMQLSSLTSEDSAVYYCARSTYYGGDWYF,"[14, 34, 25, 47, 62, 8, 56, 79, 76, 71, 31, 55, 51, 39, 43, 33, 60, 41, 78, 26, 64, 36, 61, 49, 3, 52, 19, 63, 17, 58, 1, 38, 74, 5, 59, 53, 48, 50, 69, 32]",FMSSNNHWWKQTPGGGLLWWGAIYPPSGDTSSYAQFFGGRTTTTDKSSKSTAYMLLSLLKAEDTAYYCAASSYYYGGWWV,52.50%
60.0%,FTSYNMHWVKQTPGRGLEWIGAIYPGNGDTSYNQKFKGKATLTADKSSSTAYMQLSSLTSEDSAVYYCARSTYYGGDWYF,"[2, 69, 47, 62, 54, 17, 9, 32, 48, 7, 27, 50, 19, 45, 16, 79, 57, 74, 61, 5, 46, 44, 11, 33, 60, 12, 52, 18, 14, 78, 15, 73, 59, 37, 76, 49, 66, 42, 65, 3]",FTTGNNHHVYQQAGGKGLEWGAIYPGNNDTSYYGKFKKKATLLAADKSNSKYYQQSSSTTAEDAVVYCAASTYYSGGWWL,53.75%
60.0%,FTSYNMHWVKQTPGRGLEWIGAIYPGNGDTSYNQKFKGKATLTADKSSSTAYMQLSSLTSEDSAVYYCARSTYYGGDWYF,"[8, 56, 3, 37, 41, 26, 39, 24, 36, 49, 62, 33, 2, 78, 13, 42, 47, 32, 64, 34, 9, 50, 46, 52, 40, 43, 19, 48, 11, 45, 12, 59, 57, 53, 67, 14, 68, 16, 51, 69]",FTTSNMHWWVQQAPGGGEWWGAIYYGGGDTSYYNEFFKKKATITDDTSTSTAYLLSSSTTEDDAAYYYCASTYYGGDWWF,52.50%
60.0%,FTSYNMHWVKQTPGRGLEWIGAIYPGNGDTSYNQKFKGKATLTADKSSSTAYMQLSSLTSEDSAVYYCARSTYYGGDWYF,"[34, 35, 79, 8, 15, 37, 76, 31, 24, 60, 65, 19, 71, 66, 48, 78, 67, 46, 9, 1, 40, 16, 39, 7, 63, 44, 33, 32, 5, 57, 11, 25, 3, 14, 59, 50, 74, 55, 38, 61]",FMSSNNHHWVQQPGGKGEWWGAIYYPNGDTSSYADSKKSRGLTAAKKSSTTYMQLLSSTTSESSVVYYARSSYYYGGWWG,52.50%
60.0%,FTSYNMHWVKQTPGRGLEWIGAIYPGNGDTSYNQKFKGKATLTADKSSSTAYMQLSSLTSEDSAVYYCARSTYYGGDWYF,"[37, 13, 67, 3, 11, 63, 25, 54, 2, 52, 48, 1, 62, 40, 33, 71, 43, 69, 57, 78, 55, 46, 27, 51, 14, 42, 10, 9, 32, 74, 26, 58, 8, 68, 15, 59, 24, 44, 50, 73]",FMSSNMHWWVKQPPGKLEWIGAIYYPGSDTSYYNKFKKKAALLTAKKSSTTAYQQLSSLEEDDSVYYYCASSYYSGDWWF,53.75%
70.0%,FTSYNMHWVKQTPGRGLEWIGAIYPGNGDTSYNQKFKGKATLTADKSSSTAYMQLSSLTSEDSAVYYCARSTYYGGDWYF,"[57, 51, 38, 27, 66, 67, 33, 45, 73, 53, 24, 44, 20, 69, 55, 79, 68, 1, 18, 78, 2, 37, 12, 71, 26, 13, 19, 48, 46, 5, 10, 3, 36, 65, 16, 7, 32, 14, 39, 60, 40, 63, 74, 58, 47, 31]",FMSSNNHHVKKTTPGGGEEWIAIYYGGSDTSSYEKFFKNRDLTAASADNTAAMMLLSSLSSDSSVVYYCASSYYSGDWWL,46.25%
70.0%,FTSYNMHWVKQTPGRGLEWIGAIYPGNGDTSYNQKFKGKATLTADKSSSTAYMQLSSLTSEDSAVYYCARSTYYGGDWYF,"[17, 5, 44, 40, 79, 11, 56, 9, 52, 69, 43, 8, 46, 36, 3, 2, 64, 16, 73, 41, 47, 60, 76, 15, 50, 65, 35, 57, 37, 63, 20, 1, 13, 62, 27, 45, 7, 68, 33, 51, 78, 61, 67, 49, 14, 31]",FMSSNNHHLSQQPPSSSSWIIAIYPGNNDTSSNNKKLTKAASTTSSSSSSSSSQLSSSTSSSSSSSYYSSSTYYGGGWWS,50.00%
70.0%,FTSYNMHWVKQTPGRGLEWIGAIYPGNGDTSYNQKFKGKATLTADKSSSTAYMQLSSLTSEDSAVYYCARSTYYGGDWYF,"[7, 45, 24, 68, 32, 51, 53, 59, 9, 38, 47, 40, 65, 2, 41, 36, 78, 73, 48, 44, 60, 34, 14, 5, 67, 10, 33, 12, 71, 13, 61, 64, 11, 49, 74, 20, 76, 8, 15, 3, 62, 39, 35, 66, 42, 58]",FTTLNNHHLLLLLLLSLEWIIAIYYGNGDTSYYLGLGGGGGGLAALSSLGAAMMLSSLLLLLLAALGSGRSSYYLGGWWF,45.00%
70.0%,FTSYNMHWVKQTPGRGLEWIGAIYPGNGDTSYNQKFKGKATLTADKSSSTAYMQLSSLTSEDSAVYYCARSTYYGGDWYF,"[61, 17, 31, 57, 78, 24, 2, 73, 10, 45, 1, 9, 13, 58, 41, 53, 25, 60, 49, 33, 46, 34, 62, 51, 26, 76, 7, 27, 71, 63, 67, 79, 74, 64, 20, 52, 5, 40, 35, 12, 69, 14, 15, 39, 18, 50]",FMSYNNHHVVRTTPGQLLEIIAIYYPSSDTSSNNDSKGKKFSTADDTSSSTVSLLSSSLSSQDTAYYYAASSYYSGGWWG,45.00%
70.0%,FTSYNMHWVKQTPGRGLEWIGAIYPGNGDTSYNQKFKGKATLTADKSSSTAYMQLSSLTSEDSAVYYCARSTYYGGDWYF,"[43, 62, 73, 41, 8, 25, 27, 2, 7, 39, 1, 10, 24, 60, 64, 71, 56, 50, 3, 48, 67, 11, 20, 12, 16, 36, 55, 59, 35, 52, 5, 57, 14, 26, 19, 31, 33, 32, 13, 45, 51, 44, 65, 37, 38, 15]",FMSGNNHHWKKQAPGQGEWWIAIYYGGSDTSSYAKKLKNRTTTTRDSSSTTLTQLLNSTTTDDAAVYYARSSYYGGDWYF,47.50%
70.0%,FTSYNMHWVKQTPGRGLEWIGAIYPGNGDTSYNQKFKGKATLTADKSSSTAYMQLSSLTSEDSAVYYCARSTYYGGDWYF,"[12, 60, 8, 38, 49, 42, 79, 46, 43, 78, 3, 2, 7, 59, 26, 73, 5, 64, 11, 44, 24, 71, 27, 76, 34, 39, 32, 69, 50, 74, 63, 68, 67, 10, 36, 17, 13, 19, 40, 33, 31, 57, 45, 62, 25, 14]",FTTSNNHHWKKQAPGGLLWWGAIYYTGSDTSSYAQFFGGRVLLTRDTSSSTYMQLSSSTTSDDTAYYYCASSYYSGGWWV,43.75%
70.0%,FTSYNMHWVKQTPGRGLEWIGAIYPGNGDTSYNQKFKGKATLTADKSSSTAYMQLSSLTSEDSAVYYCARSTYYGGDWYF,"[54, 11, 64, 67, 45, 27, 19, 41, 33, 34, 48, 3, 59, 35, 51, 2, 9, 1, 69, 39, 55, 43, 58, 26, 73, 36, 17, 18, 42, 68, 31, 37, 65, 76, 32, 61, 25, 13, 20, 24, 74, 63, 10, 46, 60, 7]",FMSSNMHHVVASPPRGLLLSSAIYYSGSDTSSSSSSSSKKTTSPDDPSSTAAMQQSSLLSSSSSSSYYHCSTYYFGGWYF,48.75%
70.0%,FTSYNMHWVKQTPGRGLEWIGAIYPGNGDTSYNQKFKGKATLTADKSSSTAYMQLSSLTSEDSAVYYCARSTYYGGDWYF,"[49, 19, 47, 33, 54, 57, 36, 13, 12, 60, 64, 51, 9, 40, 50, 17, 16, 71, 41, 44, 58, 67, 39, 59, 2, 7, 69, 61, 11, 62, 68, 76, 5, 24, 27, 55, 43, 35, 10, 56, 79, 26, 1, 42, 73, 34]",FMGYNNHHVVGGGGRGGGWWGAIYYGGGDTSYNNYYGGKKYGGGGKSSSSGGMQQSGGGGGGGAAYYYYGSSYYGGGWYY,48.75%
70.0%,FTSYNMHWVKQTPGRGLEWIGAIYPGNGDTSYNQKFKGKATLTADKSSSTAYMQLSSLTSEDSAVYYCARSTYYGGDWYF,"[11, 53, 61, 17, 26, 57, 44, 41, 60, 5, 52, 3, 71, 56, 20, 12, 38, 55, 64, 49, 43, 68, 74, 47, 24, 45, 32, 34, 2, 18, 79, 9, 36, 33, 73, 31, 50, 54, 15, 25, 58, 65, 27, 16, 40, 76]",FTTGNNHWVVQQTGRRGPEIIAIYYYSTDTSSYADFFGGAATTTADSSSSTYYLQLKSLSSESAAVYCCRSSYYIGGWYY,45.00%
70.0%,FTSYNMHWVKQTPGRGLEWIGAIYPGNGDTSYNQKFKGKATLTADKSSSTAYMQLSSLTSEDSAVYYCARSTYYGGDWYF,"[74, 43, 55, 40, 53, 39, 58, 27, 8, 78, 26, 17, 52, 44, 67, 12, 31, 9, 59, 65, 64, 15, 7, 68, 47, 51, 36, 61, 73, 63, 49, 1, 76, 46, 20, 45, 57, 5, 69, 66, 11, 71, 24, 79, 50, 35]",FFSYNNHHWVQQSGRKLLWIIAIYYGGTDTSSNQKKFGKKFLTTRDTSSSTLSLLLSSLEEESSAVYYCASSYYSGGWWG,46.25%
70.0%,FTSYNMHWVKQTPGRGLEWIGAIYPGNGDTSYNQKFKGKATLTADKSSSTAYMQLSSLTSEDSAVYYCARSTYYGGDWYF,"[40, 76, 26, 79, 61, 17, 62, 44, 19, 64, 34, 68, 38, 55, 53, 66, 42, 49, 27, 46, 51, 32, 33, 20, 65, 1, 10, 2, 43, 67, 3, 39, 14, 31, 25, 54, 71, 69, 63, 36, 73, 78, 9, 50, 60, 8]",FMSLNMHWWLLTPGGGLLWWGAIYPPSSDTSSSSSFFGGSGLLSLKKSSSSSMMSSSLTSSSSSSSSSSSSSYYGGGWWR,48.75%
70.0%,FTSYNMHWVKQTPGRGLEWIGAIYPGNGDTSYNQKFKGKATLTADKSSSTAYMQLSSLTSEDSAVYYCARSTYYGGDWYF,"[43, 9, 71, 56, 35, 3, 67, 11, 13, 60, 73, 62, 14, 31, 37, 49, 1, 76, 79, 33, 61, 59, 18, 7, 69, 51, 39, 17, 20, 40, 46, 65, 10, 58, 74, 8, 24, 15, 27, 63, 47, 52, 34, 38, 19, 55]",FMSSNMHHSYRQPPGKLLELIAIYYGNNDTSSNNEAKKSKFLTTDKKSSSAAFQLLSLLQASDSVVYYAASSYYHGGWYY,46.25%
70.0%,FTSYNMHWVKQTPGRGLEWIGAIYPGNGDTSYNQKFKGKATLTADKSSSTAYMQLSSLTSEDSAVYYCARSTYYGGDWYF,"[36, 67, 76, 71, 68, 54, 42, 32, 55, 38, 78, 2, 63, 3, 13, 31, 56, 11, 19, 59, 5, 61, 65, 73, 17, 37, 15, 51, 58, 47, 60, 41, 26, 44, 34, 53, 74, 46, 7, 62, 69, 27, 20, 16, 49, 48]",FTTPNNHHVKQQPPRRLLWWLAIYPGGLDTSSLQQFFLPATTTAAKKLLLAAMMLLLLLLLLLLVVYYLLSSYYCGGWWF,47.50%
70.0%,FTSYNMHWVKQTPGRGLEWIGAIYPGNGDTSYNQKFKGKATLTADKSSSTAYMQLSSLTSEDSAVYYCARSTYYGGDWYF,"[20, 65, 47, 71, 78, 74, 40, 33, 17, 37, 27, 45, 55, 68, 16, 63, 15, 5, 69, 44, 66, 76, 8, 43, 73, 42, 24, 35, 79, 52, 12, 9, 19, 54, 60, 3, 59, 51, 1, 14, 11, 41, 10, 32, 34, 53]",FMSSNNHWWVRQAGGKGLWWIAIYYGNNDTSYYADSKKKAATITRDSSSTAAYMQLSLTTSDSSVVYCCASSYYIGGWWG,46.25%
70.0%,FTSYNMHWVKQTPGRGLEWIGAIYPGNGDTSYNQKFKGKATLTADKSSSTAYMQLSSLTSEDSAVYYCARSTYYGGDWYF,"[14, 34, 25, 47, 62, 8, 56, 79, 76, 71, 31, 55, 51, 39, 43, 33, 60, 41, 78, 26, 64, 36, 61, 49, 3, 52, 19, 63, 17, 58, 1, 38, 74, 5, 59, 53, 48, 50, 69, 32, 16, 9, 10, 57, 35, 66]",FMSSNNHWWVRTPGGGGLWWGAIYPPGGDTSSYAEAVGGRTTTTDKSSKSTAYLLLNSLQAEDTAYYCAASSYYYGGWWV,45.00%
70.0%,FTSYNMHWVKQTPGRGLEWIGAIYPGNGDTSYNQKFKGKATLTADKSSSTAYMQLSSLTSEDSAVYYCARSTYYGGDWYF,"[34, 35, 79, 8, 15, 37, 76, 31, 24, 60, 65, 19, 71, 66, 48, 78, 67, 46, 9, 1, 40, 16, 39, 7, 63, 44, 33, 32, 5, 57, 11, 25, 3, 14, 59, 50, 74, 55, 38, 61, 10, 49, 27, 43, 53, 58]",FMSSNNHHLRLGPGGLGEWWGAIYYVNNDTSSSSSSKKLSLLTTLKKSSQSYMMLLSSLSLSSSVVSRARSSYYYGGWWR,45.00%
70.0%,FTSYNMHWVKQTPGRGLEWIGAIYPGNGDTSYNQKFKGKATLTADKSSSTAYMQLSSLTSEDSAVYYCARSTYYGGDWYF,"[37, 13, 67, 3, 11, 63, 25, 54, 2, 52, 48, 1, 62, 40, 33, 71, 43, 69, 57, 78, 55, 46, 27, 51, 14, 42, 10, 9, 32, 74, 26, 58, 8, 68, 15, 59, 24, 44, 50, 73, 12, 79, 53, 39, 45, 38]",FMSSNMHWWVKQKPGKLEWIGAIYYPGTDTSYYAKFKKGKFLLTRDTSSTTAYLQISSLTEDDSVYYYCGSSYYSGDWWG,46.25%
